"Task","Project","keep","date.type","task.date","Start_Date"
"Ava Kloss-Schmidt","undergraduate",0,"End",2022-06-01,2019-10-01
"August Liu","undergraduate",0,"End",2021-05-30,2021-01-06
"Sanjana Jadhav","undergraduate",0,"End",2021-06-15,2021-01-25
"Candice Young","rotation student",0,"End",2021-06-01,2021-03-01
"Christine Nolan","rotation student",0,"End",2021-06-01,2021-03-01
"Sandy Tran","undergraduate",0,"End",2022-06-01,2021-03-15
"Ben Downing","rotation student",0,"End",2022-01-01,2021-09-01
"Janet Solano-Sanchez","rotation student",0,"End",2022-01-01,2021-09-01
"Karyn Tindbaek","undergraduate",0,"End",2022-06-01,2021-09-01
"Nathan Greenwood","undergraduate",0,"End",2022-06-01,2021-09-01
"Caroline Divney","undergraduate",0,"End",2022-09-01,2021-09-01
"Hannah Luskin","undergraduate",0,"End",2023-06-15,2021-09-01
"Heather Osterstock","undergraduate",0,"End",2022-06-01,2022-02-01
"Anthony Garcia","rotation student",0,"End",2023-01-01,2022-09-01
"William Albers","rotation student",0,"End",2023-01-01,2022-09-01
"Morgan Alonso","undergraduate",0,"End",2024-06-01,2022-09-01
"Cora Werner Lovell","undergraduate",0,"End",2024-06-01,2022-09-01
"Erika Khosrovian","undergraduate",0,"End",2023-08-31,2022-10-01
"Alice Lutzenhiser","undergraduate",0,"End",2023-09-01,2023-06-15
"Justin Kwok","undergraduate",0,"End",2024-03-01,2023-09-01
"Ty Bryant","undergraduate",0,"End",2025-03-01,2023-09-01
"Aster Earls","undergraduate",0,"End",2025-12-31,2023-09-01
"Nick Peterson","undergraduate",0,"End",2026-09-28,2023-09-01
"Jaden Benitez","undergraduate",0,"End",2024-09-01,2024-06-15
"Tiba Hashim","undergraduate",0,"End",2025-03-31,2024-09-01
"Laura Barbosa-Chifan","undergraduate",0,"End",2025-06-01,2024-09-01
"Amelia Wayman","undergraduate",0,"End",2026-06-01,2024-09-01
"Leo Rupp","undergraduate",0,"End",2025-06-01,2025-01-01
"Korina Medina","undergraduate",0,"End",2026-06-01,2025-01-01
